{"cameraMode":{"drawMode":0,"name":"Shaded","section":"Shading Mode"},"sceneLighting":true,"audioPlay":false,"sceneViewState":{"showFog":true,"showMaterialUpdate":false,"showSkybox":true,"showFlares":true,"showImageEffects":true,"showParticleSystems":true},"in2DMode":false,"pivot":{"x":5.37215518951416,"y":3.601004123687744,"z":3.925788164138794},"rotation":{"x":-0.13152220845222474,"y":0.8466373682022095,"z":-0.24557283520698548,"w":-0.4534362256526947},"size":2.9183411598205568,"orthographic":false}